case,set_name,lift_type,residual_before,residual_after,improvement,fe_fraction_after,aux_fraction_after,coarse_condition,regularization,notes
task014a_default100_stage4_block_grating_p1_h5,top_y,aux_only,0.021465559540488233,0.9985762635124961,0.02149616441410598,0.9999999999994725,1.0275614763947207e-06,1.0,0.0,galerkin; direct dense coarse solve
task014a_default100_stage4_block_grating_p1_h5,top_y,aux_only_minres,0.021465559540488233,0.021465185368519293,1.0000174315740822,0.042904173942379394,0.9990791919854612,1.000000000000001,0.0,minres; direct dense coarse solve
task014a_default100_stage4_block_grating_p1_h5,top_y,diag_lift,0.021465559540488233,0.021491874981343324,0.9987755632824993,0.06939338857484727,0.9975893732503871,1.000000000000025,0.0,galerkin; direct dense coarse solve
task014a_default100_stage4_block_grating_p1_h5,top_y,diag_lift_minres,0.021465559540488233,0.02146459669431892,1.0000448574078993,0.047253893422890235,0.9988829108340871,1.0000000000000246,0.0,minres; direct dense coarse solve
task014a_default100_stage4_block_grating_p1_h5,top_y,diag_lift_sign_flip,0.021465559540488233,0.021507820992725947,0.99803506583712,0.08266796673443494,0.9965771456721222,1.0000000000000244,0.0,galerkin; direct dense coarse solve
task014a_default100_stage4_block_grating_p1_h5,top_y,diag_lift_sign_flip_minres,0.021465559540488233,0.02146465383621003,1.0000421951495289,0.04737715645529992,0.9988770720395028,1.0000000000000244,0.0,minres; direct dense coarse solve
task014a_default100_stage4_block_grating_p1_h5,top_y,pfe_lift,0.021465559540488233,0.021479824777182743,0.9993358774178799,0.04755684271856051,0.9988685332468142,1.0000000000000282,0.0,galerkin; direct dense coarse solve
task014a_default100_stage4_block_grating_p1_h5,top_y,pfe_lift_minres,0.021465559540488233,0.021464749181345742,1.0000377530217401,0.04484156968700342,0.9989941109075697,1.0000000000000289,0.0,minres; direct dense coarse solve
task014a_default100_stage4_block_grating_p1_h5,top_y,pfe_lift_sign_flip,0.021465559540488233,0.0214682856522056,0.9998730167950283,0.03553885685774832,0.9993682953012091,1.0000000000000282,0.0,galerkin; direct dense coarse solve
task014a_default100_stage4_block_grating_p1_h5,top_y,pfe_lift_sign_flip_minres,0.021465559540488233,0.021465549158153057,1.0000004836743333,0.04370741327269905,0.9990443744023636,1.0000000000000284,0.0,minres; direct dense coarse solve
task014a_default100_stage4_block_grating_p1_h5,top_y,pfe_lift_aux_sign_flip,0.021465559540488233,0.0214682856522056,0.9998730167950283,0.03553885685774832,0.9993682953012091,1.0000000000000282,0.0,galerkin; direct dense coarse solve
task014a_default100_stage4_block_grating_p1_h5,top_y,pfe_lift_aux_sign_flip_minres,0.021465559540488233,0.021465549158153057,1.0000004836743333,0.04370741327269905,0.9990443744023636,1.0000000000000284,0.0,minres; direct dense coarse solve
task014a_default100_stage4_block_grating_p1_h5,top_bottom_y,aux_only,0.021465559540488233,0.9985762635124961,0.02149616441410598,0.9999999999994725,1.0275614759894548e-06,1.0,0.0,galerkin; direct dense coarse solve
task014a_default100_stage4_block_grating_p1_h5,top_bottom_y,aux_only_minres,0.021465559540488233,0.021465185368519237,1.0000174315740848,0.04290417394231862,0.9990791919854639,1.0908530179644778,0.0,minres; direct dense coarse solve
task014a_default100_stage4_block_grating_p1_h5,top_bottom_y,diag_lift,0.021465559540488233,0.021491874981344132,0.9987755632824618,0.06939338857538768,0.9975893732503497,1.0012858004536185,0.0,galerkin; direct dense coarse solve
task014a_default100_stage4_block_grating_p1_h5,top_bottom_y,diag_lift_minres,0.021465559540488233,0.021464596694317942,1.000044857407945,0.047253893421926735,0.9988829108341326,1.0019731773582587,0.0,minres; direct dense coarse solve
task014a_default100_stage4_block_grating_p1_h5,top_bottom_y,diag_lift_sign_flip,0.021465559540488233,0.021507820992727248,0.9980350658370597,0.08266796673515936,0.996577145672062,1.008844762239019,0.0,galerkin; direct dense coarse solve
task014a_default100_stage4_block_grating_p1_h5,top_bottom_y,diag_lift_sign_flip_minres,0.021465559540488233,0.02146465383620892,1.0000421951495806,0.04737715645420839,0.9988770720395547,1.003591654427955,0.0,minres; direct dense coarse solve
task014a_default100_stage4_block_grating_p1_h5,top_bottom_y,pfe_lift,0.021465559540488233,0.021479824777182844,0.9993358774178752,0.04755684271865955,0.9988685332468096,1.0015513283491173,0.0,galerkin; direct dense coarse solve
task014a_default100_stage4_block_grating_p1_h5,top_bottom_y,pfe_lift_minres,0.021465559540488233,0.02146474918134554,1.0000377530217495,0.044841569686793335,0.9989941109075792,1.0029611723040897,0.0,minres; direct dense coarse solve
task014a_default100_stage4_block_grating_p1_h5,top_bottom_y,pfe_lift_sign_flip,0.021465559540488233,0.021468285652205328,0.9998730167950408,0.03553885685738994,0.9993682953012217,1.0005182204312284,0.0,galerkin; direct dense coarse solve
task014a_default100_stage4_block_grating_p1_h5,top_bottom_y,pfe_lift_sign_flip_minres,0.021465559540488233,0.021465549158152228,1.0000004836743719,0.04370741327181103,0.9990443744024025,1.0007922459467447,0.0,minres; direct dense coarse solve
task014a_default100_stage4_block_grating_p1_h5,top_bottom_y,pfe_lift_aux_sign_flip,0.021465559540488233,0.021468285652205328,0.9998730167950408,0.03553885685738994,0.9993682953012217,1.0005182204312284,0.0,galerkin; direct dense coarse solve
task014a_default100_stage4_block_grating_p1_h5,top_bottom_y,pfe_lift_aux_sign_flip_minres,0.021465559540488233,0.021465549158152228,1.0000004836743719,0.04370741327181103,0.9990443744024025,1.0007922459467447,0.0,minres; direct dense coarse solve
task014a_default100_stage4_block_grating_p1_h5,top_bottom_xy,aux_only,0.021465559540488233,0.9985762635124739,0.021496164414106456,0.9999999999994724,1.027520647962519e-06,1.0,0.0,galerkin; direct dense coarse solve
task014a_default100_stage4_block_grating_p1_h5,top_bottom_xy,aux_only_minres,0.021465559540488233,0.021465185366607412,1.0000174316631527,0.042904171871879,0.9990791920743762,1.0908530179644778,0.0,minres; direct dense coarse solve
task014a_default100_stage4_block_grating_p1_h5,top_bottom_xy,diag_lift,0.021465559540488233,0.021491874990556575,0.9987755628543389,0.0693933947176199,0.9975893728230893,1.0012858004536207,0.0,galerkin; direct dense coarse solve
task014a_default100_stage4_block_grating_p1_h5,top_bottom_xy,diag_lift_minres,0.021465559540488233,0.02146459669426878,1.0000448574102354,0.047253893373860587,0.9988829108364063,1.0019731773582583,0.0,minres; direct dense coarse solve
task014a_default100_stage4_block_grating_p1_h5,top_bottom_xy,diag_lift_sign_flip,0.021465559540488233,0.021507821010418943,0.9980350650161056,0.08266797660937972,0.9965771448529768,1.0088447622390186,0.0,galerkin; direct dense coarse solve
task014a_default100_stage4_block_grating_p1_h5,top_bottom_xy,diag_lift_sign_flip_minres,0.021465559540488233,0.02146465383615886,1.0000421951519127,0.04737715640554562,0.9988770720418627,1.0035916544279524,0.0,minres; direct dense coarse solve
task014a_default100_stage4_block_grating_p1_h5,top_bottom_xy,pfe_lift,0.021465559540488233,0.021479824776599096,0.9993358774450337,0.047556842151095124,0.9988685332738317,1.001612557805646,0.0,galerkin; direct dense coarse solve
task014a_default100_stage4_block_grating_p1_h5,top_bottom_xy,pfe_lift_minres,0.021465559540488233,0.02146474918042031,1.0000377530648559,0.04484156872997607,0.9989941109505276,1.0030303614470422,0.0,minres; direct dense coarse solve
task014a_default100_stage4_block_grating_p1_h5,top_bottom_xy,pfe_lift_sign_flip,0.021465559540488233,0.021468285650637534,0.99987301686806,0.03553885477119445,0.99936829537541,1.0005559587929427,0.0,galerkin; direct dense coarse solve
task014a_default100_stage4_block_grating_p1_h5,top_bottom_xy,pfe_lift_sign_flip_minres,0.021465559540488233,0.02146554915621809,1.000000483764476,0.043707411208215224,0.999044374492683,1.000847787964118,0.0,minres; direct dense coarse solve
task014a_default100_stage4_block_grating_p1_h5,top_bottom_xy,pfe_lift_aux_sign_flip,0.021465559540488233,0.021468285650637534,0.99987301686806,0.03553885477119445,0.99936829537541,1.0005559587929427,0.0,galerkin; direct dense coarse solve
task014a_default100_stage4_block_grating_p1_h5,top_bottom_xy,pfe_lift_aux_sign_flip_minres,0.021465559540488233,0.02146554915621809,1.000000483764476,0.043707411208215224,0.999044374492683,1.000847787964118,0.0,minres; direct dense coarse solve
task014a_tiny10_stage4_block_grating_p1_h5,top_y,aux_only,9.601334814717081e-07,9.602405393186599e-07,0.9998885093447235,0.9660163029204664,0.25848114533148003,1.0,0.0,galerkin; direct dense coarse solve
task014a_tiny10_stage4_block_grating_p1_h5,top_y,aux_only_minres,9.601334814717081e-07,9.601334767864887e-07,1.0000000048797584,0.9660036440031996,0.2585284506056147,1.0,0.0,minres; direct dense coarse solve
task014a_tiny10_stage4_block_grating_p1_h5,top_y,diag_lift,9.601334814717081e-07,9.636633425861794e-07,0.9963370391313234,0.9660041366888122,0.25852660965576174,1.0000000000000004,0.0,galerkin; direct dense coarse solve
task014a_tiny10_stage4_block_grating_p1_h5,top_y,diag_lift_minres,9.601334814717081e-07,9.600924066343988e-07,1.0000427821707842,0.9660017319574143,0.2585355949483092,1.0000000000000004,0.0,minres; direct dense coarse solve
task014a_tiny10_stage4_block_grating_p1_h5,top_y,diag_lift_sign_flip,9.601334814717081e-07,9.602812756627182e-07,0.9998460928118086,0.9660184061558192,0.25847328482489423,1.0000000000000004,0.0,galerkin; direct dense coarse solve
task014a_tiny10_stage4_block_grating_p1_h5,top_y,diag_lift_sign_flip_minres,9.601334814717081e-07,9.601140123183693e-07,1.0000202779597933,0.965999717825657,0.25854312050555783,1.0000000000000004,0.0,minres; direct dense coarse solve
task014a_tiny10_stage4_block_grating_p1_h5,top_y,pfe_lift,9.601334814717081e-07,9.604491985245632e-07,0.9996712818821234,0.9659914976576327,0.25857383172541626,1.0000000000000002,0.0,galerkin; direct dense coarse solve
task014a_tiny10_stage4_block_grating_p1_h5,top_y,pfe_lift_minres,9.601334814717081e-07,9.6013347934559e-07,1.0000000022143984,0.966003541979813,0.2585288318204674,1.0000000000000002,0.0,minres; direct dense coarse solve
task014a_tiny10_stage4_block_grating_p1_h5,top_y,pfe_lift_sign_flip,9.601334814717081e-07,9.607324516387503e-07,0.999376548417803,0.9660327361921123,0.25841972178063527,1.0000000000000002,0.0,galerkin; direct dense coarse solve
task014a_tiny10_stage4_block_grating_p1_h5,top_y,pfe_lift_sign_flip_minres,9.601334814717081e-07,9.60133463566428e-07,1.000000018648741,0.966003666107608,0.25852836801144535,1.0000000000000002,0.0,minres; direct dense coarse solve
task014a_tiny10_stage4_block_grating_p1_h5,top_y,pfe_lift_aux_sign_flip,9.601334814717081e-07,9.607324516387503e-07,0.999376548417803,0.9660327361921123,0.25841972178063527,1.0000000000000002,0.0,galerkin; direct dense coarse solve
task014a_tiny10_stage4_block_grating_p1_h5,top_y,pfe_lift_aux_sign_flip_minres,9.601334814717081e-07,9.60133463566428e-07,1.000000018648741,0.966003666107608,0.25852836801144535,1.0000000000000002,0.0,minres; direct dense coarse solve
task014a_tiny10_stage4_block_grating_p1_h5,top_y,exact_lift_tiny10,9.601334814717081e-07,1.8623032359913182e-06,0.5155623761565457,0.4980351004025869,0.8671568709103245,1.0000000000000024,0.0,galerkin; direct dense coarse solve
task014a_tiny10_stage4_block_grating_p1_h5,top_y,exact_lift_tiny10_minres,9.601334814717081e-07,9.601310071044e-07,1.0000025771142582,0.9660060681866388,0.25851939236078786,1.0000000000000007,0.0,minres; direct dense coarse solve
task014a_tiny10_stage4_block_grating_p1_h5,top_bottom_y,aux_only,9.601334814717081e-07,9.603489344895296e-07,0.9997756513178869,0.9660292366673742,0.2584328034593337,1.0,0.0,galerkin; direct dense coarse solve
task014a_tiny10_stage4_block_grating_p1_h5,top_bottom_y,aux_only_minres,9.601334814717081e-07,9.601334443403267e-07,1.0000000386731465,0.9660037114033853,0.25852819876153815,1.010092617823585,0.0,minres; direct dense coarse solve
task014a_tiny10_stage4_block_grating_p1_h5,top_bottom_y,diag_lift,9.601334814717081e-07,9.72880338686372e-07,0.9868978159925862,0.9664760800160491,0.25675666837847,3.9502302466797814,0.0,galerkin; direct dense coarse solve
task014a_tiny10_stage4_block_grating_p1_h5,top_bottom_y,diag_lift_minres,9.601334814717081e-07,9.587861139326023e-07,1.0014052847861756,0.9658324656708805,0.25916722064355946,1.0389200862419712,0.0,minres; direct dense coarse solve
task014a_tiny10_stage4_block_grating_p1_h5,top_bottom_y,diag_lift_sign_flip,9.601334814717081e-07,9.73680055767175e-07,0.986087242708496,0.96530927761293,0.2611091698014515,5.861527645601211,0.0,galerkin; direct dense coarse solve
task014a_tiny10_stage4_block_grating_p1_h5,top_bottom_y,diag_lift_sign_flip_minres,9.601334814717081e-07,9.581176310535586e-07,1.002103969651339,0.9657353502046281,0.2595288680766442,3.011087042792792,0.0,minres; direct dense coarse solve
task014a_tiny10_stage4_block_grating_p1_h5,top_bottom_y,pfe_lift,9.601334814717081e-07,9.614227064423094e-07,0.9986590445992565,0.9659969245577554,0.25855355682132486,1.4988605036187657,0.0,galerkin; direct dense coarse solve
task014a_tiny10_stage4_block_grating_p1_h5,top_bottom_y,pfe_lift_minres,9.601334814717081e-07,9.601334036088569e-07,1.0000000810958676,0.9660037084102969,0.2585282099453634,2.17156699036648,0.0,minres; direct dense coarse solve
task014a_tiny10_stage4_block_grating_p1_h5,top_bottom_y,pfe_lift_sign_flip,9.601334814717081e-07,9.619889603209563e-07,0.9980712056730577,0.9660344515523945,0.2584133092815934,1.1764491007826912,0.0,galerkin; direct dense coarse solve
task014a_tiny10_stage4_block_grating_p1_h5,top_bottom_y,pfe_lift_sign_flip_minres,9.601334814717081e-07,9.601334189305161e-07,1.0000000651380223,0.9660039272445036,0.2585273922589173,1.5795967839374272,0.0,minres; direct dense coarse solve
task014a_tiny10_stage4_block_grating_p1_h5,top_bottom_y,pfe_lift_aux_sign_flip,9.601334814717081e-07,9.619889603209563e-07,0.9980712056730577,0.9660344515523945,0.2584133092815934,1.1764491007826912,0.0,galerkin; direct dense coarse solve
task014a_tiny10_stage4_block_grating_p1_h5,top_bottom_y,pfe_lift_aux_sign_flip_minres,9.601334814717081e-07,9.601334189305161e-07,1.0000000651380223,0.9660039272445036,0.2585273922589173,1.5795967839374272,0.0,minres; direct dense coarse solve
task014a_tiny10_stage4_block_grating_p1_h5,top_bottom_y,exact_lift_tiny10,9.601334814717081e-07,1.6256932181280808e-06,0.5905994259957992,0.5705211590812739,0.8212829031707404,1.8759371592157692,0.0,galerkin; direct dense coarse solve
task014a_tiny10_stage4_block_grating_p1_h5,top_bottom_y,exact_lift_tiny10_minres,9.601334814717081e-07,9.601240747124345e-07,1.0000097974413114,0.9660130430484114,0.25849332807704767,3.5273163391581788,0.0,minres; direct dense coarse solve
task014a_tiny10_stage4_block_grating_p1_h5,top_bottom_xy,aux_only,9.601334814717081e-07,1.5119039724105502e-06,0.6350492484922108,0.9999999999999999,0.0,1.0,0.0,galerkin; direct dense coarse solve
task014a_tiny10_stage4_block_grating_p1_h5,top_bottom_xy,aux_only_minres,9.601334814717081e-07,9.596821851108099e-07,1.0004702560575782,0.9676397744142495,0.25233562366725026,1.010092617823585,0.0,minres; direct dense coarse solve
task014a_tiny10_stage4_block_grating_p1_h5,top_bottom_xy,diag_lift,9.601334814717081e-07,9.89687088833496e-07,0.9701384329499321,0.9646281249516425,0.2636144543690248,3.9502302466797854,0.0,galerkin; direct dense coarse solve
task014a_tiny10_stage4_block_grating_p1_h5,top_bottom_xy,diag_lift_minres,9.601334814717081e-07,9.577867358456443e-07,1.0024501755330657,0.9660860899153467,0.25822019067469676,1.0389200862419716,0.0,minres; direct dense coarse solve
task014a_tiny10_stage4_block_grating_p1_h5,top_bottom_xy,diag_lift_sign_flip,9.601334814717081e-07,9.820832182209701e-07,0.9776498199520977,0.9628855672858695,0.2699099559345106,5.861527645601222,0.0,galerkin; direct dense coarse solve
task014a_tiny10_stage4_block_grating_p1_h5,top_bottom_xy,diag_lift_sign_flip_minres,9.601334814717081e-07,9.578600049592495e-07,1.0023734956055037,0.965068164066337,0.2619989288253482,3.011087042792795,0.0,minres; direct dense coarse solve
task014a_tiny10_stage4_block_grating_p1_h5,top_bottom_xy,pfe_lift,9.601334814717081e-07,9.650216848807495e-07,0.9949346180654527,0.9637371210227078,0.2668534458515816,1.4996900528996182,0.0,galerkin; direct dense coarse solve
task014a_tiny10_stage4_block_grating_p1_h5,top_bottom_xy,pfe_lift_minres,9.601334814717081e-07,9.594666116271957e-07,1.0006950422624727,0.9677445581608399,0.2519334637361239,2.172583922083045,0.0,minres; direct dense coarse solve
task014a_tiny10_stage4_block_grating_p1_h5,top_bottom_xy,pfe_lift_sign_flip,9.601334814717081e-07,9.623615741371129e-07,0.9976847655545655,0.9664775689305991,0.2567510637835785,1.1772963484577414,0.0,galerkin; direct dense coarse solve
task014a_tiny10_stage4_block_grating_p1_h5,top_bottom_xy,pfe_lift_sign_flip_minres,9.601334814717081e-07,9.60033553160597e-07,1.000104088352727,0.9664889935009623,0.2567080548823832,1.5807800056366823,0.0,minres; direct dense coarse solve
task014a_tiny10_stage4_block_grating_p1_h5,top_bottom_xy,pfe_lift_aux_sign_flip,9.601334814717081e-07,9.623615741371129e-07,0.9976847655545655,0.9664775689305991,0.2567510637835785,1.1772963484577414,0.0,galerkin; direct dense coarse solve
task014a_tiny10_stage4_block_grating_p1_h5,top_bottom_xy,pfe_lift_aux_sign_flip_minres,9.601334814717081e-07,9.60033553160597e-07,1.000104088352727,0.9664889935009623,0.2567080548823832,1.5807800056366823,0.0,minres; direct dense coarse solve
task014a_tiny10_stage4_block_grating_p1_h5,top_bottom_xy,exact_lift_tiny10,9.601334814717081e-07,1.706566726011388e-06,0.5626111577340698,0.5434843917792465,0.8394192730050593,1.875937159215775,0.0,galerkin; direct dense coarse solve
task014a_tiny10_stage4_block_grating_p1_h5,top_bottom_xy,exact_lift_tiny10_minres,9.601334814717081e-07,9.274923791169992e-07,1.0351928523507485,1.0,5.01720644757363e-16,3.5273163391581828,0.0,minres; direct dense coarse solve
task014a_default100_stage4_block_grating_p1_h5,top_y,pfe_lift_balanced,0.021465559540488233,0.031015637212007518,0.692088297066422,0.7073260306461515,0.7068874637241487,1.0000000000000167,0.0,galerkin; direct dense coarse solve
task014a_default100_stage4_block_grating_p1_h5,top_y,pfe_lift_balanced_minres,0.021465559540488233,0.021465177586049287,1.0000177941429749,0.04292545498961632,0.9990782778711259,1.0000000000000162,0.0,minres; direct dense coarse solve
task014a_default100_stage4_block_grating_p1_h5,top_y,pfe_lift_balanced_sign_flip,0.021465559540488233,0.0297208606213,0.722238827939745,0.7075618144511769,0.7066514549129285,1.0000000000000162,0.0,galerkin; direct dense coarse solve
task014a_default100_stage4_block_grating_p1_h5,top_y,pfe_lift_balanced_sign_flip_minres,0.021465559540488233,0.021465193177433447,1.0000170677734768,0.042883314203139296,0.9990800875620306,1.0000000000000164,0.0,minres; direct dense coarse solve
task014a_default100_stage4_block_grating_p1_h5,top_bottom_y,pfe_lift_balanced,0.021465559540488233,0.031015637212007473,0.692088297066423,0.707326030646151,0.7068874637241497,1.0453192445307669,0.0,galerkin; direct dense coarse solve
task014a_default100_stage4_block_grating_p1_h5,top_bottom_y,pfe_lift_balanced_minres,0.021465559540488233,0.021465177586049235,1.0000177941429773,0.04292545498955849,0.9990782778711284,1.090527584061834,0.0,minres; direct dense coarse solve
task014a_default100_stage4_block_grating_p1_h5,top_bottom_y,pfe_lift_balanced_sign_flip,0.021465559540488233,0.029720860621299958,0.722238827939746,0.7075618144511759,0.7066514549129295,1.043649171858389,0.0,galerkin; direct dense coarse solve
task014a_default100_stage4_block_grating_p1_h5,top_bottom_y,pfe_lift_balanced_sign_flip_minres,0.021465559540488233,0.021465193177433384,1.0000170677734797,0.04288331420307537,0.9990800875620335,1.0911674547038976,0.0,minres; direct dense coarse solve
task014a_default100_stage4_block_grating_p1_h5,top_bottom_xy,pfe_lift_balanced,0.021465559540488233,0.031015637210760894,0.6920882970942395,0.7073260306177448,0.7068874637525734,1.0453428928293622,0.0,galerkin; direct dense coarse solve
task014a_default100_stage4_block_grating_p1_h5,top_bottom_xy,pfe_lift_balanced_minres,0.021465559540488233,0.021465177584150442,1.000017794231438,0.04292545293436121,0.99907827795943,1.0905280238480266,0.0,minres; direct dense coarse solve
task014a_default100_stage4_block_grating_p1_h5,top_bottom_xy,pfe_lift_balanced_sign_flip,0.021465559540488233,0.029720860619850444,0.7222388279749703,0.7075618144167424,0.7066514549474072,1.0436712009439135,0.0,galerkin; direct dense coarse solve
task014a_default100_stage4_block_grating_p1_h5,top_bottom_xy,pfe_lift_balanced_sign_flip_minres,0.021465559540488233,0.021465193175508636,1.0000170678631495,0.04288331211752536,0.9990800876515512,1.0911677154265456,0.0,minres; direct dense coarse solve
