domain_height_nm,substrate_thickness_nm,top_air_above_grating_nm,air_height_parameter_nm,grating_height_nm,period_x_nm,period_y_nm,h_nm,p,mpi_ranks,mesh_target_size_nm,mpi_procs,solver_profile,returncode,status,case_status,result_dir,stdout_file,stderr_file,progress_file,last_progress_stage,last_progress_status,failure_stage,petsc_error_code,petsc_error_type,mumps_infog_1,mumps_infog_2,mumps_ooc_tmpdir,mumps_ooc_cleaned_by_solver,mumps_ooc_cleanup_attempted,mumps_ooc_cleanup_success,mumps_ooc_cleanup_removed_file_count,mumps_ooc_cleanup_removed_file_bytes,mumps_ooc_cleanup_removed_file_GB,mumps_ooc_retained_on_failure,mumps_ooc_residual_file_count,mumps_ooc_residual_file_bytes,mumps_ooc_residual_file_GB,ooc_disk_GB,mesh_cells_resolved,cells,N1curl_raw_dofs,dof_raw_nedelec,floquet_constraints,constrained_system_size,dtn_auxiliary_dofs,system_rows,system_cols,matrix_rows,matrix_cols,nnz_used,nnz_allocated,avg_nnz_per_row,average_nnz_per_row,average_allocated_nnz_per_row,petsc_matrix_memory_mb,estimated_aij_matrix_memory_mb,matrix_memory_GB,PETSc_matrix_memory_GB,estimated_AIJ_matrix_memory_GB,solve_time_seconds,solve_time_s,elapsed_wall_seconds,elapsed_wall_s,assemble_elapsed_s,summary_elapsed_seconds,peak_rss_mb,peak_RSS_per_rank_max_GB,rss_rank_max_mb,rss_rank_sum_mb,rss_rank_sum_GB,rss_rank_mean_mb,rss_rank_min_mb,rss_rank_imbalance,rss_rank_statistics_source,estimated_total_RSS_upper_GB,swap_used_before_mb,swap_used_after_mb,swap_used_delta_mb,swap_before_GB,swap_after_GB,swap_delta_GB,effective_LU_memory_proxy_GB,rss_to_matrix_ratio,actual_ksp_type,actual_pc_type,actual_pc_factor_solver_type,explicit_chac_constructed,dtn_augmented_to_base_nnz_ratio,constrained_to_unconstrained_nnz_ratio,R_total,T_total,A_volume_total,R_plus_T,R_plus_T_plus_A_volume,energy_closure_error_port_volume,A_port_balance_minus_A_volume_total,num_reflection_orders,num_transmission_orders,dtn_port_propagating_mode_count,stdout_tail,stderr_tail
70.0,10.0,10.0,60.0,50.0,100.0,100.0,4.0,2,8,4.0,8,mumps_ooc,0,completed,completed,/work/fenics_vector_maxwell_floquet_demo_v2_parallel/results/3D_stage4_block_grating_normal_p2_h4p0_np8_20260705_075535,/work/fenics_vector_maxwell_floquet_demo_v2_parallel/results/matrix_scale_20260705_075532/run_np8_mumps_ooc_h4p0_stdout.txt,/work/fenics_vector_maxwell_floquet_demo_v2_parallel/results/matrix_scale_20260705_075532/run_np8_mumps_ooc_h4p0_stderr.txt,/work/fenics_vector_maxwell_floquet_demo_v2_parallel/results/3D_stage4_block_grating_normal_p2_h4p0_np8_20260705_075535/progress_3d.jsonl,stage4_dtn_augmented_solve,end,,,,,,/work/fenics_vector_maxwell_floquet_demo_v2_parallel/results/3D_stage4_block_grating_normal_p2_h4p0_np8_20260705_075535/mumps_ooc_files,True,True,True,16,15292572032,14.2423175573349,False,0,0,0.0,14.2423175573349,"[27, 27, 19]",13851,346610,346610,8354,347318,708,347318,347318,347318,347318,43371936.0,43371936.0,124.87672968288427,124.87672968288427,124.87672968288427,0.0,995.3546676635742,0.0,0.0,0.9720260426402092,1166.694031400024,1166.694031400024,1190.7592573780566,1190.7592573780566,1190.7592573780566,1180.3974823229946,3024.1328125,2.9532546997070312,3024.1328125,24193.0625,23.62603759765625,,,,upper_bound_from_global_max_times_ranks,23.62603759765625,167.10546875,223.171875,56.06640625,0.16318893432617188,0.2179412841796875,0.054752349853515625,22.65401155501604,24.305971816849063,preonly,lu,mumps,False,1.203230650767531,,1.000622742650277e-06,0.963854707759022,0.036144291618242494,0.9638557083817647,1.000000000000007,7.105427357601002e-15,-7.202571872255703e-15,354,354,708,"  diffraction_postprocess: 1.980
  volume_absorption_postprocess: 0.636
Linear solve summary:
  method               = direct_lu
  ksp_type             = preonly
  pc_type              = lu
  pc factor solver    = mumps
  converged            = True
  converged reason     = 4
  reason name          = CONVERGED_ITS
  iterations           = 1
  residual norm        = 0.000000e+00
  max RSS across ranks = 3024.1 MB
  official result      = True
  diagnostic only      = False
  validation role      = numerical_sanity_only
  physical benchmark  = False
  case status          = completed
elapsed seconds = 1180.397
3D case results: /work/fenics_vector_maxwell_floquet_demo_v2_parallel/results/3D_stage4_block_grating_normal_p2_h4p0_np8_20260705_075535",
